id,year
3416,2002
18991,2003
11105,1994
18902,1999
18958,2003
8132,2003
4442,2004
5562,2006
16836,2007
3555,2003
1836,1992
5999,2002
6198,1992
17426,2005
13323,2005
7473,2004
9635,2006
6781,1983
2460,2003
3439,1990
9435,2003
11001,1987
11872,1999
18084,2005
14233,1998
7146,2003
4775,1998
5369,1984
6176,1994
7436,2000
19646,1975
9053,1980
4184,2006
12471,2002
14698,2004
7315,2003
14120,2000
4208,1999
4081,2006
11136,1999
2987,1988
19737,1979
5798,1995
8564,2004
14459,1992
12543,2001
17304,1991
11507,1988
5050,2003
3306,1999
15196,2005
13905,2000
10326,1993
16654,1997
16105,1994
12049,2005
2786,1996
7759,1999
14592,2005
13693,2003
11532,2004
8187,1993
1715,2005
1723,1991
11800,2004
5102,2002
11349,1998
18514,2006
2101,2000
9061,2001
16302,2004
12194,2003
4298,2006
13035,1999
12946,2001
5370,1998
7226,1999
4449,2005
15965,1998
812,1997
3071,2000
18910,2002
16360,1991
1776,1991
6134,2000
12694,2005
7327,2006
18694,1998
18051,1998
3718,2001
18600,1995
7976,2003
10430,2001
4385,2005
11698,2000
19617,2004
19927,2005
3642,1994
19053,2002
1578,1983
17202,2006
15508,2005
1504,1986
9520,1998
16542,2004
4704,1981
2104,2006
6414,2003
3415,2000
2453,2005
3538,2004
2726,1994
8996,1996
11821,1996
8466,2002
19722,2003
6864,2004
12664,2000
19154,1996
6015,2005
2394,1998
12328,1998
10996,2005
15952,2001
12252,1990
7309,2000
7641,2006
17101,1984
1405,1998
6224,2005
9300,1986
2538,1999
6679,2005
2107,1996
12056,1997
15814,2003
15354,2002
4997,2003
14460,2000
6818,1997
11501,2001
19972,1981
15469,2006
11863,1998
14973,2003
18089,2000
16367,2002
18461,2002
12188,1991
8234,2004
10730,2003
4830,2004
10361,1997
5039,2002
6836,1992
15753,1990
3699,2003
14767,1992
12192,2003
4100,2001
1619,2002
10221,2004
19257,2006
8630,1999
14510,2002
14963,2004
16126,2001
17390,1991
18254,2004
10532,2004
17820,2002
14023,2004
5833,2004
19422,2006
1630,2004
16179,2004
2283,1999
13096,2002
5805,2005
14928,1997
1246,2001
8760,2004
14543,1996
14636,2004
2427,2004
613,2000
11219,1999
6108,1994
4089,2002
8359,1981
10945,2003
7068,1999
16612,1995
2370,2001
16780,2000
7060,1980
6025,1991
864,1999
17858,2004
9889,1996
9173,2001
17582,1996
1108,1989
18714,2004
15791,1988
1479,2004
18361,2007
14787,1986
9181,1995
8586,1984
19658,2002
4012,2006
12323,2005
4377,1998
13347,2003
18908,2000
14699,2003
11786,2005
4116,2001
16608,1994
0,2002
14367,1987
12282,2007
6005,2000
1933,1984
14803,1994
11720,2006
14932,1993
11767,1999
14758,2000
1521,2003
11487,1995
10181,2002
1682,2003
9271,1989
8294,2002
13138,1995
11458,2005
9844,2004
11153,1987
6663,1991
1419,2003
10589,1988
9355,2002
5287,1983
6163,2005
9376,1991
13276,2004
3269,2004
12618,1995
964,2004
16139,2001
10824,1999
18392,1998
17141,1996
1858,1983
12021,1999
12948,1988
9613,2006
17838,2001
14849,2003
4061,1998
14837,1988
9646,1992
19584,1981
3823,2001
5309,2002
5767,1991
12939,1997
14359,2002
16646,1998
9894,2004
249,2001
3878,1998
15336,2001
10238,1990
11638,2004
1823,1999
19007,1984
7540,1999
15062,2004
6437,2002
10229,2001
19094,2006
5528,2004
18522,2001
12385,2005
11172,2002
4507,2001
4671,2008
10612,2002
7622,2003
1482,2001
1102,1987
6579,2000
13838,2001
15559,2003
14538,1994
16882,2001
13041,2003
8120,2005
9521,2006
5402,2005
8557,1983
17134,1995
17636,1992
4297,1991
17664,1995
9886,2000
7345,2005
5650,1993
7394,2000
9415,2003
16686,2002
7426,1994
8703,1995
1790,2001
19025,1990
17442,2005
19978,2003
10390,1995
1894,2003
14100,1999
8409,1996
7605,2001
6914,1991
10628,1986
3191,2004
8965,2005
15065,1987
9935,1985
7411,2000
2179,1995
9027,1973
19182,1992
13197,1994
3833,1997
8908,1999
14071,2001
8970,1989
11749,2006
10568,2006
1186,1989
17393,2005
6532,1998
14662,2003
14332,2005
12678,2000
17245,1987
4692,2004
16112,2005
3597,1984
19840,2003
13608,2004
10033,1984
2768,1997
840,2000
9943,1995
10605,2003
313,1997
7532,2005
6883,1981
871,1989
2147,2006
19249,1992
3913,2000
11523,2003
13791,2004
7091,2006
17590,2003
16947,1999
182,2001
4713,1994
15404,2001
11694,2001
12688,1991
18847,2003
1544,2003
11394,1995
12118,1993
7449,2002
14232,2006
15852,2005
11099,1984
1226,2003
4697,2004
19304,1996
18441,2001
16114,1999
13985,1995
10012,1987
12917,2001
4641,2003
14300,2001
3587,1993
337,1994
14892,2007
3410,1995
18349,2004
10299,2004
5604,2003
2901,2005
19903,1999
2011,1986
413,1997
8448,2001
3273,2002
6449,2003
5125,1993
712,2004
14440,2002
6944,2001
1470,1996
8159,1991
8091,2005
10312,1999
7324,2004
600,2000
5286,2005
678,1995
13130,1991
8196,1981
17342,1995
12389,1991
18033,2004
19791,2003
1044,1993
1532,1982
15044,1984
16331,1996
10192,1983
9655,2001
4834,2002
11762,2002
7861,2006
9468,2004
14682,2003
19873,1999
10071,1989
19113,2005
12490,2001
1637,1982
8030,2006
4465,1999
3372,1990
18190,1998
2946,1991
14148,2003
10028,2005
1343,2005
2103,2006
11781,1993
6892,2003
8246,2004
14938,1988
7250,2004
11730,2002
8287,2004
8434,1990
13131,1982
8963,2001
15584,2006
14174,2004
2770,1998
10635,1997
4172,2001
16218,2004
1720,1993
8834,1996
17690,2004
6306,2005
18487,2003
10109,2006
18710,1992
7753,2004
3818,1993
2994,1998
17926,2006
16592,1982
4930,1981
17391,1983
552,2006
103,2006
5437,2003
13481,1995
16783,1991
17183,2007
10084,2002
14714,2001
18317,2001
10959,2003
13800,1997
12659,2003
18838,2003
19809,1994
12880,2005
2575,2005
10164,2006
11509,1997
6977,2008
8272,2005
9729,2003
5764,2000
17930,1998
7987,1992
3593,2002
11948,1999
6680,1998
12813,2004
17666,2004
18370,2002
14447,1995
10733,2003
14683,2004
12064,2002
12066,1999
3558,1989
18311,2001
18717,1983
11180,2001
1266,2000
614,2004
7831,2002
9431,1987
14284,1992
12909,2002
11472,2002
3763,2000
8256,1998
13986,2009
18115,2001
15200,1981
17538,1991
6060,1996
7123,2000
10691,2001
12238,1996
302,1981
16072,2003
15542,2002
540,1999
16637,2000
1601,2006
5081,1997
18656,2004
8587,1990
9325,1996
8124,1997
16895,2004
1683,1990
4936,2006
19188,2005
16736,1998
17196,2001
12393,1989
9852,2004
16412,2004
12174,2003
14302,2003
13931,2003
973,1991
422,2001
10039,1995
8146,2006
19029,2003
7014,1998
230,2004
10443,2002
17947,1986
8602,1992
3117,2004
18913,1993
2440,2002
5500,1990
8893,1989
15607,2003
6205,2003
3504,1986
11090,2004
8830,1998
2670,2000
3668,1990
14311,2000
16405,1986
9717,2004
13511,2000
16434,2007
6047,1997
8962,2004
17392,2005
16980,1989
7352,1967
8591,1994
11835,1986
19614,2002
10535,1997
14503,1995
10839,2001
14555,2004
8713,1990
9146,1985
2588,2005
9288,2003
13376,1993
12462,1994
9129,1980
556,1992
8166,1997
19950,2004
15724,1984
6330,2003
18118,2003
12823,2003
8590,2006
7509,2004
3487,2002
8240,2000
2186,2000
6855,1994
5867,2003
10051,1991
12311,2003
10442,1998
6748,1991
15136,2002
845,1997
14560,2003
16663,2006
19760,2002
17341,2002
451,1989
5360,1984
18846,2007
2085,2003
10387,1999
2744,1987
3655,2000
19031,2005
8302,2004
8506,1997
10372,2005
3425,2000
3551,2003
12860,1985
17822,2006
19505,1994
11335,1999
7269,1985
15612,2004
10987,1987
176,1984
47,2002
10638,2000
17302,2005
5207,1997
3422,2005
7561,1996
3332,1997
7462,2005
19693,2005
1018,2000
5881,1994
8750,1992
3042,2005
13789,2001
11334,2002
10008,2006
3061,1999
17153,2003
15159,2002
9069,1985
1079,1997
19098,2000
3387,1988
15177,1997
18325,1998
14048,2003
18181,2004
19907,1998
7979,2000
503,2002
16210,1998
15647,2001
100,1992
6641,2005
4597,2003
3344,2003
1357,1998
9188,2004
6984,2002
5813,2003
3434,2004
15199,1979
7900,2000
11928,2005
17020,1999
2387,1998
12626,1990
5396,1995
10182,2002
7736,1995
16514,2005
10335,1996
7587,2002
11721,2002
1487,1993
19269,1999
13844,1999
2023,1995
15019,2005
5907,1997
12386,2003
18374,1997
7332,2005
10688,2005
11853,1989
4666,1997
10245,2003
6759,1994
2616,2007
4772,2006
11514,2002
4526,2005
905,2003
6658,2005
11026,1967
7936,2004
14961,1993
8959,2007
14312,2003
10735,2000
10491,1998
14842,2006
11538,2006
12430,1997
5857,2002
5777,1992
14087,2001
3976,2007
19064,2002
3836,1999
8501,2001
9115,2004
18133,2000
9016,2003
3901,2006
19076,2006
11223,1981
16749,2006
2289,1990
17593,2002
887,2002
17671,1988
10772,2005
4361,1993
6142,1982
15001,1995
14381,2005
12762,1991
11389,1991
4085,2002
3297,1987
15025,2002
9634,2002
16571,2005
16293,2003
17412,2004
14815,2002
16251,1990
10610,2001
9232,1995
19668,1998
3531,1999
9695,1977
17162,2001
10155,2005
18335,1999
140,1997
19095,2003
4730,1993
11137,2004
5483,2000
8694,2000
19216,1996
3882,2002
19121,2003
9529,2005
16842,2001
6136,2001
14739,1995
18014,1986
2669,2005
4754,2000
13319,2005
465,2004
12141,2001
7751,1984
10634,2002
15804,2001
9768,2002
2526,1999
19503,2003
12191,1991
4289,2000
12535,1998
6712,2004
3206,2003
10847,2003
19581,1986
16698,1984
5852,2005
2838,2001
9671,2001
18947,1996
17610,1994
8235,2008
4252,2004
11993,2002
18022,2005
3900,2004
10374,2004
4318,2005
9466,2002
5254,1980
14053,1986
16563,2002
10613,2006
5047,2005
6798,1980
18400,2008
18738,1993
5692,2005
12329,2003
15250,2004
6290,2001
2882,2003
12434,2001
19596,2002
11368,2004
10018,2003
12890,1985
17542,1998
6327,2002
1837,2004
18651,2005
4770,2005
2419,2001
12363,2003
7791,2003
4677,2000
11602,2001
2439,2001
14201,1999
12725,1997
9711,1999
4005,2004
3898,2004
16241,2003
15763,2003
16277,2003
17006,2000
10890,2003
3561,1983
5206,2002
11976,2002
19439,2003
2870,1996
11820,1998
8705,2003
7219,2002
10449,2000
6701,2001
12179,1995
9240,1995
6475,1998
12410,2006
16282,2005
7362,2002
1887,1994
8279,1998
10334,2004
19014,1983
8381,1996
11455,1989
15978,1986
9532,1981
10059,1985
12822,1987
10541,2003
18230,2003
4312,1999
11708,2001
1407,1999
2276,2006
16292,1997
14865,2007
5575,2003
13957,1987
14413,1999
2997,1999
18232,1992
1088,1979
15431,2001
8896,2005
14840,2005
14453,2004
7303,2004
1458,2005
700,2003
15830,1990
18644,2005
19232,2001
11421,2006
9025,2000
1232,1997
1104,2003
12473,2004
11186,2003
2562,1990
4783,1989
3006,1980
10749,1987
11275,2004
7021,2004
11912,1987
17960,1995
15128,1996
8143,1995
15825,2006
17316,2001
1978,1997
1554,2000
15801,2006
16618,2001
7793,2004
4999,1990
17111,2006
11286,2006
110,2003
118,1978
19930,1999
12968,2004
17254,1994
3712,1977
7929,2001
539,2004
9555,2000
13094,2002
204,2001
1460,2003
1863,2005
11992,1994
17865,1994
6485,1989
6321,2003
296,2003
6620,1990
5861,1982
4774,2005
8766,2003
9567,1991
10728,1998
11331,1983
9841,2000
10244,1999
10094,2005
12759,2001
13196,1998
13993,2000
10928,2001
4415,1993
8446,2002
2765,2000
4351,1999
1918,2002
10356,1994
6796,1997
11300,1998
15896,1993
10620,2006
11957,2006
19593,1997
9297,1983
14885,2004
13259,1999
19914,2005
11075,2001
4314,2004
13016,2001
9678,2004
7115,1998
395,1982
2467,1991
5985,1978
12308,2005
4259,1996
14106,1998
11779,1997
4558,2004
15406,2003
5847,2002
8171,2003
8118,2003
10268,1998
9882,1989
2952,2004
7945,2004
14123,1993
8036,1996
8507,1993
954,2002
16844,2002
6782,1995
10122,2003
4393,2004
2124,2001
16129,1985
3991,2002
14278,1999
244,1985
5454,2003
19072,1986
4618,2004
9752,1996
1919,1997
9372,2003
2767,2006
3859,2004
1580,1987
6841,1992
10701,1997
6742,2005
3540,2007
5323,1990
19582,1996
3667,1981
16955,1989
11502,2000
11901,1999
9067,1992
9663,2004
14253,2003
11204,2003
9057,1995
3049,2002
17661,2001
4571,2006
7383,2002
14794,2001
1485,1993
10337,2003
12512,2003
15120,1990
5356,2004
18519,2003
13616,1986
3868,1985
6895,2003
3022,2004
17051,1990
15876,2003
18391,1982
7848,2005
13846,2001
13410,2003
1306,2002
16570,2005
7835,2001
4212,2003
17737,2005
10515,1994
6480,2002
19813,2000
6660,1991
15255,1987
13713,1982
19828,1983
19703,2005
14107,2001
6420,2000
11656,2006
7072,1986
9114,2003
7213,2001
5874,2005
2051,1989
13223,1990
4216,1991
4008,2007
1133,1983
18961,1996
13142,1995
796,1986
16014,1999
10536,1993
9913,1995
14819,1999
14081,1995
17977,2005
3278,1999
8062,1992
7846,1996
10825,2003
2413,2004
518,2002
10738,2001
10212,1990
958,2003
14396,2003
487,2003
3168,2002
5198,1994
295,2003
12128,2001
17601,1992
7205,1987
9562,1997
372,1988
13503,2006
1469,1991
10467,1992
17596,2007
3949,2003
1418,2006
10123,2005
4833,2000
10227,2004
4467,2006
3463,2001
12459,2006
9926,2005
16381,2002
17409,2004
18693,2007
16883,1995
3114,2004
6905,1978
993,2006
17750,1998
17470,2000
12963,1987
9436,2001
5472,2001
8254,1997
10375,1991
5583,2003
3347,1996
8509,1998
13011,2004
8270,2005
16424,1999
13398,1999
1090,2003
6654,2001
7252,2005
14237,2006
10553,2000
1608,1996
17095,2005
14265,2004
2566,1997
5361,2007
11254,2000
11728,2002
5898,2001
6820,2004
14149,1999
6931,1999
3131,2006
5249,1986
14843,1996
7938,2001
19057,1997
1944,2003
15835,2003
6235,2001
18979,2003
6284,2001
4155,2002
9528,1998
5146,1994
11844,2003
5990,1998
2191,2002
11566,2002
7711,1997
8861,2005
4592,1990
575,2002
1759,2004
5161,2005
9662,1995
13692,1999
1255,1988
11510,1995
5204,2002
10697,2004
13759,1990
5221,1992
3508,1997
10397,2005
7771,1992
13918,2000
8339,2007
8521,2005
3094,2001
18584,1986
14937,2004
14429,2005
8882,1999
6611,2006
11753,1997
17937,2005
16775,1999
13154,1992
9942,1990
16714,1993
13821,2005
19748,1992
3173,1996
9627,1987
7389,2004
18451,1994
11954,2003
7863,1979
12219,1982
9221,1987
17238,2000
18596,1990
11834,2001
19313,1994
5728,2001
14112,1992
5752,2000
12671,2005
7193,1994
6563,2000
5654,1977
5236,1975
8957,2004
15176,1992
5131,2005
17672,2006
6688,1994
13960,2001
6546,2002
19649,1996
7776,1999
2001,2005
19041,2001
19613,1983
5126,1995
1939,2001
5585,2002
10330,2001
11173,2004
10289,2003
16291,2003
3651,1993
2185,1998
9605,1997
19363,2002
28,2005
10897,2000
7947,2005
17762,2001
4234,2001
7994,2000
1131,2004
13332,1981
15359,2005
11216,2004
10500,1998
9734,2000
18221,2000
4636,2000
369,2006
6797,2002
4307,1982
9763,2002
16716,2000
8337,2000
8261,2004
15395,1983
4027,1996
8842,1992
10527,2006
3490,2004
1761,2005
18578,2003
5556,1997
9245,1997
8032,1998
1626,2003
14193,2002
4024,1985
15169,2005
670,2005
13317,1997
2516,2006
18903,2004
4358,2000
12647,2005
8271,2008
4708,2003
563,2006
12397,2004
9338,1968
1742,2003
10941,2000
10879,2002
3607,2004
9884,2000
5179,2001
16738,1992
3626,1993
19063,1996
4586,2002
1733,2004
543,1996
688,2006
18848,2002
17204,2005
2065,2003
11139,1998
2630,2004
5740,2005
15017,2004
6976,2004
4964,1987
17811,2003
6952,2005
6347,2000
822,1998
16048,1984
7519,1992
7481,2005
5784,2005
6240,2002
19134,2003
17725,1992
18449,2006
3530,2005
13876,2003
10435,2001
11392,1994
7811,1991
5525,1995
15342,2004
15420,1999
9676,1989
12969,1996
11174,2001
12675,1994
620,2004
18592,2002
989,2004
13563,2004
11966,2006
15388,2004
15618,2005
12295,2004
15975,2005
7467,2004
1728,2001
6906,1994
2893,1994
3390,2002
17441,1998
926,1998
409,1992
9501,2005
2693,1992
890,1981
6260,1983
5980,1991
1906,2005
981,2002
6141,2000
16309,1988
19753,2002
6217,2004
212,2006
4181,2003
4718,1983
10382,1994
9746,2002
10925,2003
5486,2002
10499,2008
2858,2001
2,2004
15104,1998
13716,2001
14964,1982
9440,2003
8488,2005
16822,2001
7676,1999
19953,1995
10756,2000
14845,1998
16369,2007
19557,2004
15844,2005
248,1994
6550,2003
5466,2006
3087,2006
7550,1991
16996,2004
18815,2001
15856,2005
11163,2005
11825,2001
19996,1995
6059,2004
17383,2004
4209,1996
2847,2004
37,1993
9995,2002
10764,1999
3783,1984
6082,1992
9524,2002
12429,1981
2722,2001
3580,1973
11839,1998
7424,1989
18383,1997
6366,2007
2206,2003
13429,1997
5134,1994
11072,1984
18258,2006
13617,2003
4149,2003
2878,1982
4873,2002
15785,1999
11474,1999
19164,1999
15799,2004
13652,2002
7498,2003
15874,2001
11318,1993
7001,1985
3066,1998
2512,1996
9982,2012
3129,1997
8455,1981
2894,1993
11640,2004
15430,1992
5571,2004
18061,2005
18845,2002
9008,1995
19345,2000
8764,1987
510,1996
9716,1984
6282,2006
7705,2004
4602,2006
10309,1998
12034,2003
10287,2005
4588,2002
9105,2004
9790,1998
3427,2002
15901,2002
15189,2006
5751,2005
4761,2004
935,2000
18900,1997
4339,2001
4705,2000
18017,1984
2392,2003
10965,2003
13467,1998
12980,2004
8470,1998
12800,1998
16562,2006
11319,1999
8878,2000
15424,2006
4975,1992
3757,1978
15619,2004
3775,2004
9500,2001
1661,2004
902,2005
17726,1991
18067,2002
14807,2000
806,2004
14716,1999
19327,1992
14238,2000
17353,2004
14469,2002
2884,2001
6140,1982
1739,1991
13422,2005
8714,2004
4900,1987
7373,1999
4215,1988
16348,2004
9602,1998
137,2002
3436,1995
19306,2002
655,1982
5277,2003
12582,2004
2164,1993
8065,2002
14094,1995
725,2000
9044,1995
19754,2006
5006,1996
382,1994
17192,2003
17303,2004
6915,2003
8508,2001
15369,1997
8432,1991
11920,1999
8863,2003
1808,2004
9225,1990
10856,2002
11027,2004
17849,1991
1387,1992
17757,2004
15462,2004
1139,2002
6826,2000
17186,2000
9289,1991
5812,1999
10765,2000
18257,2003
9737,2000
11584,2004
2650,2003
19215,2001
7730,1987
2043,2008
11748,1987
6516,2003
17434,2004
7161,1998
3308,1991
3522,1982
14177,2005
13710,2003
16307,1995
5306,2003
7769,1997
1609,1994
10308,1998
14179,1994
2159,2004
6496,2006
14833,1990
1026,2002
1009,1988
14228,2003
18269,2001
17073,1993
130,1996
12302,2003
6226,1996
714,2006
12851,2000
14224,2002
1819,1978
10200,1999
13805,2001
11316,2002
6426,2002
13660,1996
1529,1997
14977,1991
6593,1996
15043,1996
16630,1995
2243,2001
19504,1993
14186,2001
2975,2006
17922,2004
6036,2000
14813,1994
10817,2001
19472,1998
8028,2001
18781,2001
15094,2004
661,1990
740,1994
14203,1993
5084,1985
11743,2001
4345,1989
8953,2001
18896,2003
16757,1998
8418,1997
1746,2004
3609,1993
18005,2004
10986,2002
12161,1999
7518,1981
749,1990
744,1999
12098,2000
13013,1981
11505,2004
6173,2006
625,2004
5295,2007
18813,1993
6154,2000
2590,1989
13093,2002
13124,2002
11841,1998
1271,1999
5824,1999
11482,1998
9010,2002
14171,2001
11917,2006
18799,1999
18692,1995
6542,1996
14927,1993
179,2002
8839,2003
18362,1985
13161,2000
5405,1998
17069,1995
13360,1962
14773,1989
16010,1995
9147,1999
2565,1987
7646,1993
10096,2001
14769,1998
15073,2005
16017,1987
19585,1996
12135,2005
7407,1998
9037,2003
11171,2006
17551,1997
18092,2004
11338,2002
19118,1998
16857,1986
12261,1997
2573,1999
11304,1989
15567,1975
15409,2001
17606,2002
15310,2002
13262,2002
11535,2006
12245,2004
13577,1997
10993,2000
19856,2003
8195,1991
169,2003
820,2002
13560,1987
4422,2001
12767,2002
952,2006
18504,2004
2781,2005
15626,2002
6354,1999
5053,2001
9709,2004
854,2007
8592,2001
1390,2000
3156,1997
10805,1994
9545,1999
42,1994
2221,2002
2618,2004
14553,1986
1435,2007
4928,2004
8155,2004
5906,1989
2585,1984
6312,1996
10627,1996
12059,2004
13491,2005
12710,1995
12199,1987
3842,2002
10322,1996
12030,1987
13441,2004
4986,2001
11573,1998
11359,2004
6497,2000
8228,2001
6893,2000
15706,2001
17946,2003
9179,1988
14691,2002
16515,1995
4516,1989
6174,1999
5839,2001
1455,1980
6806,1997
15083,2005
15437,2003
15292,2003
10436,2002
4476,1987
17571,2000
4445,1992
2741,2005
74,1997
7555,2002
8309,2002
10064,2003
18057,2003
17233,2007
12646,1997
9277,2005
19558,1978
4389,2005
8441,2005
14435,1999
1157,2001
5313,2002
7484,1996
900,1988
5138,1988
13402,2001
2536,1991
3045,2003
11268,2007
7174,2002
9492,1995
10571,2004
4487,1983
2523,2007
1403,2004
18665,2002
16449,1987
4630,2002
16439,2001
8043,2007
12889,1983
8011,2003
5938,2001
6103,2006
5386,2001
17060,2004
5211,2004
14917,1996
8915,1990
2327,1981
14343,1990
3193,2002
9733,1982
16229,1998
14705,2003
11164,1984
2115,2006
11403,2002
12476,1988
5481,2005
3150,2002
6204,2004
4392,2002
1627,1990
6301,2000
6632,1998
5986,2002
12768,2004
19882,2004
18865,2005
4384,2000
15290,1982
17191,2006
19209,2002
10763,2005
13722,2003
8281,2000
11095,2004
15624,2005
19660,2004
11229,2004
11400,1995
12554,1996
19198,2002
7098,2000
2658,2004
8112,1986
3844,1993
4982,1998
11628,2004
3981,2000
3773,2006
18339,1994
15709,2003
5109,2003
17332,1998
11034,2004
957,1999
12333,2000
18346,1998
4413,2000
11160,1998
11927,1999
690,2001
12376,2002
17675,2002
4268,1998
3429,1998
207,2005
8876,2003
8211,2002
15985,2004
13279,2000
10827,2002
9957,2005
12033,1989
3737,1996
2142,2003
7768,1988
2188,1996
19644,1980
8850,2000
8122,2003
10770,1999
18972,2002
13991,1984
13848,1995
3335,2005
2398,2001
9049,1987
9047,2003
6912,2001
13390,1996
7261,2001
15304,2003
17283,2004
19469,2001
18805,1991
5218,2002
12335,1994
16431,2004
11237,2003
17835,1997
17824,2005
13421,1994
18948,2005
16106,1999
14118,1993
6689,1997
16750,2002
8230,1999
11899,1994
19899,2005
15213,1998
8811,2003
9409,2003
13384,1981
11285,2005
6966,1998
10400,2002
10751,1984
7350,1982
8640,2004
13542,1984
11866,2002
12573,2006
11030,1986
19321,2007
5818,2004
9462,1986
4987,2007
10495,2002
4295,1998
5670,1980
15206,2002
15254,1993
17782,2000
15949,2005
9269,2005
15540,1985
17798,2005
15536,2001
7660,1995
19942,2001
16760,1990
10175,1995
11420,1997
7273,2006
3548,1995
7230,1995
15863,1990
8064,2005
10828,1996
8806,1999
4565,1985
13643,2003
813,1997
14926,1994
6328,1984
14765,1989
7019,2005
16806,1999
12015,2004
11326,1984
3714,1992
15156,1982
9,2003
12537,2005
3497,2006
18682,2001
12985,1998
18177,2004
1655,1992
10069,1994
5994,1987
19328,1994
16319,2008
3413,2006
15882,2001
17717,1992
17882,2003
7372,2004
2229,1993
2652,1989
2887,1986
4515,1996
11098,1996
13119,1975
8358,1976
6578,2004
2288,1980
19738,2005
19454,1996
18924,2000
12048,2002
9283,2006
7539,2003
10950,1988
6602,2003
12615,1996
17827,2003
8101,2003
16436,2007
16835,2005
3810,1985
2807,1993
18560,2002
2513,2004
779,2004
16999,1997
6752,1998
15375,2005
13995,2005
4414,2000
12838,2001
86,1997
19981,1981
14274,1999
2797,1996
5426,2003
4304,2006
5572,1995
3172,1995
15859,2003
399,1998
7027,1989
1645,1991
4286,1996
11783,1999
10420,1988
13828,2003
5349,1996
12275,1993
7237,2003
6263,2000
14945,1989
17850,1998
19446,2001
14415,1991
5523,2002
4518,1998
5524,2003
11118,1989
7735,2007
14944,1996
12491,1989
19795,2003
4197,2001
14409,1999
9809,2002
10339,2005
2254,2003
10452,2005
3111,1993
6954,1999
17413,2003
7366,2005
13494,1999
17602,1990
12469,1999
14994,2003
10,2004
10320,1994
15895,2000
6753,1992
4739,2005
391,1998
14824,2002
8698,1992
4020,1998
2739,1986
13826,1995
15637,2004
19459,2003
7760,2003
13967,2001
10178,1978
15384,2000
4925,1994
6265,2001
9616,1992
5908,2002
411,2003
19205,2005
12501,2003
8485,2000
6681,1990
6326,1999
9096,2001
13352,2003
19208,2005
12436,1997
10514,2006
6825,2001
1898,2002
14013,2003
5613,2004
6022,2001
13682,1988
15463,2006
13811,2003
3560,2007
12370,2007
7698,2004
9610,2002
3931,2007
14387,2002
15983,1991
1667,1991
17761,2004
7986,2005
13003,2002
3987,1995
2529,2005
3553,1990
3350,1993
6566,2003
15739,2003
8527,2004
1587,2002
7432,2003
616,1994
16482,2003
3826,1999
15671,2002
17961,2000
19045,2006
2034,2003
7671,1994
735,2005
12304,1989
13813,1996
1583,2004
521,1987
15710,1995
13717,2002
15181,1978
10088,1999
14061,2004
9775,2005
899,2003
13448,1981
10410,2003
1039,1985
11553,2000
15918,1996
10533,2002
4285,1997
14796,2006
10146,2003
10016,2001
17265,2002
15964,2003
13175,1986
2469,1998
10572,1992
6547,1985
2646,2001
3203,1988
1747,1989
2603,2001
5756,2004
16202,2005
4251,1998
2463,2004
16330,2000
16587,2002
14564,1988
5763,2005
15249,2000
3237,2004
18086,2002
13351,1995
9587,2000
3529,2000
11426,2005
12189,2000
11477,1995
16201,1993
12255,1999
11323,2003
13915,1998
536,2005
4488,2004
14559,2003
7792,2005
5819,2002
2623,1998
2360,2004
8421,2003
10998,2005
8384,2006
12027,2003
15239,1995
3612,1993
1526,1996
19480,2000
17996,2002
16364,2001
13061,2002
12488,2004
6358,1990
10473,2003
13830,1995
3052,1998
13504,1983
1968,1996
16680,2000
18530,1993
12513,2003
17846,2003
1524,2006
17556,1998
11295,1993
9177,2002
2015,2005
2218,2003
11943,1992
4247,2002
13246,2003
8005,2004
14254,1993
4354,2007
10324,2000
3484,2001
3622,1987
10793,2005
13873,1997
1280,1987
16810,2002
14527,2006
3148,1999
10806,2000
16966,2002
16278,2003
18044,2005
4980,1982
5759,1995
9070,2008
19571,2007
1352,2003
7829,2005
921,1984
5606,1989
14552,2003
18555,2003
11945,2005
11112,2004
7510,2003
13378,1997
18031,2001
1569,2006
11168,2004
7964,2000
5354,1986
4509,2004
11260,2005
9454,2005
9937,2003
11991,2006
5761,1994
8693,1999
16406,2006
14487,1992
13863,2002
2681,2004
18770,1995
12732,1998
15673,2001
7584,1987
9835,2002
856,1997
13779,1993
10263,2005
16601,2005
3082,2001
4067,2003
19471,2003
17709,1999
13453,1990
895,2000
3750,2004
7868,2004
4316,1995
12522,2004
17235,2006
14499,1988
15027,1999
2572,2005
7434,1988
11534,2006
13667,1990
12273,2004
6604,1999
18936,2004
3451,1990
7674,2003
12400,2004
3852,2000
19733,1999
5171,2006
17028,2006
2520,2004
11903,1978
12924,2001
14422,2005
10968,2003
11463,1984
18435,1995
3198,2005
8399,2003
17892,2003
16671,1997
2604,2000
603,2000
8519,2003
438,2004
1695,2002
9697,2003
4326,1993
19514,2005
3190,2006
14480,2000
8661,2001
6941,1986
9361,1988
12359,2006
4054,1990
4619,1995
18016,1987
19035,1991
18192,1995
7577,2005
19341,1995
2828,2005
4185,2003
17851,1990
17501,1993
710,1981
8782,2003
14328,1997
11119,2002
1415,2003
9171,2003
2447,2006
5922,2003
2725,2007
19357,2004
9592,2005
17197,2001
9866,2006
18954,1998
11201,1992
16346,2003
7923,2003
5793,2005
4359,2004
18776,2006
15408,1991
13972,1999
2033,2003
17105,2000
12680,1990
1545,2001
15649,2001
3222,1999
6017,2006
18870,2004
18825,2005
17979,2008
7464,2002
8841,1992
14380,2001
10520,1999
780,1982
19226,1978
4831,2001
1566,1999
4658,1979
13673,2003
2098,2002
4043,2005
7538,2000
12362,1995
3771,2002
16155,2004
11177,1996
5721,2000
10424,2003
16107,1990
17632,1999
18761,2006
19979,2006
16252,1981
818,2005
16816,1993
14286,2003
13845,1994
5545,2001
13231,1996
491,2002
2816,1986
17581,1990
19829,2004
2408,1999
7904,2001
18595,2000
10273,2004
5415,1993
159,1996
16625,2004
12022,2001
2244,1998
12222,2006
12713,2005
594,1984
11989,1991
8969,1985
9000,2003
13835,2003
9688,1993
18671,1992
3547,1994
12325,2004
9339,2005
8096,2002
10753,2006
14625,1995
13798,2005
501,2004
745,2004
18074,2004
4712,2003
10019,2005
15498,2005
10576,2002
14706,2000
14321,2002
18414,2004
10681,1979
4642,1989
9751,1985
10766,1989
16095,1990
10416,1993
691,2000
14083,1995
15078,2001
18754,2000
4129,2004
11805,1995
2800,2006
18004,2002
17120,2005
13704,1997
5828,2005
835,1983
3664,2000
16463,2003
17102,1982
1961,1992
8819,2002
13901,2005
5651,1999
355,1989
5905,1999
17670,2004
11411,2004
1398,2007
5581,2000
19676,1995
5726,1987
3354,1992
7045,2003
13233,2001
2049,1997
6488,1992
8386,2001
19752,2000
7783,2005
14839,2003
134,1984
8170,1999
11950,2003
18687,1987
14246,2004
15121,2002
3932,2002
19149,2002
16297,1991
3861,2002
3999,2005
3571,2004
4151,2005
15058,1999
17777,2007
4512,1998
3679,2002
19870,1998
8656,1998
1242,2001
8108,1999
2266,2000
7571,2002
13601,1989
13982,2004
2488,2001
18320,1979
9738,1985
7814,1991
12845,2006
8898,1984
19461,2003
3690,2000
5443,1988
7020,1996
14667,2002
12716,2003
11882,2003
2732,2003
1381,2006
7300,2002
1236,2003
7102,1999
6522,1998
5996,2005
8493,1986
15947,2001
2789,2004
476,2003
4765,2002
19412,2003
9600,2007
13316,1992
11801,2004
676,1986
6410,1995
5802,2001
5858,2003
17246,2000
12442,2005
7808,2002
5591,2006
6381,1994
4680,1988
18739,2002
3702,2005
4283,1993
8729,2000
8761,1994
6535,2005
3482,1994
12312,2006
3955,2006
13597,1996
19838,2002
2559,2002
477,1993
5897,2002
15376,1976
14857,2004
4648,2006
14051,1986
5823,1980
8790,1992
16770,1998
11292,2002
14255,2002
2213,2004
9031,1988
15110,1985
13644,2003
19615,2006
14511,1992
16487,1994
19465,2004
5917,1998
4144,1991
8797,2004
9005,2004
1077,1992
6986,1990
10218,1997
12516,1994
15892,1997
11670,2002
6466,2003
5947,2002
2836,1994
9086,1993
1779,2003
7537,1990
9846,1998
9840,2006
10955,1998
5566,2004
13765,1993
14948,2003
5584,2000
6768,2003
1807,1998
9411,2003
2749,2008
8548,2005
7885,1985
14124,2003
7993,2008
6671,1994
18500,2002
12023,1994
1229,1985
10351,1995
5625,1997
11880,1989
10486,1981
8739,2002
13460,2001
19289,2000
3724,1981
13151,2000
12305,1996
9580,1991
8426,2004
1076,1994
4041,1983
16208,1987
8540,2004
14756,2004
6493,1991
13505,2006
10421,2006
5449,1992
9459,2004
16744,2001
14752,2007
18729,1984
2917,1993
18579,1988
7202,2004
9219,1992
6859,2002
13971,2003
14109,1997
9019,2003
10680,2000
609,1978
10479,2004
6634,2005
4341,2002
9640,1998
16136,2002
14608,2005
10960,2004
17352,2004
7259,2005
4906,1991
8200,2004
18280,1981
15810,2004
8010,1992
17492,2003
3055,1996
4826,1991
7183,1995
15506,1990
793,2003
8542,2000
13606,1979
11415,2005
18021,2002
9910,2003
4998,2002
18328,2004
1070,2001
13239,1993
5434,2002
19410,2004
10000,2004
14871,1996
2429,2005
1015,2003
10031,2003
17652,2005
12802,1980
16353,1999
13134,1999
13122,1991
8251,2003
171,1989
4328,2000
11288,2003
1603,1999
15641,1990
7716,1991
3330,2001
6988,2000
1623,1994
19633,1998
16192,2005
13207,2002
11757,1997
2551,1994
838,1997
13025,1983
13579,1985
1374,2000
1434,2004
16884,2003
18542,1999
9550,2007
12293,2008
18527,1981
4031,2004
5736,1996
16121,1985
2502,1980
15668,2003
12032,2002
9991,1988
3395,2003
11424,1996
3665,2002
1411,1986
891,2005
13442,1988
14801,2005
14651,2001
8672,2003
18193,2001
15345,1982
19583,2000
15328,2003
1331,2005
9815,2003
3125,1991
1430,2003
15916,2002
8634,2001
13220,1993
13464,1996
18119,1992
4308,1994
13703,2001
1038,1983
18942,2005
7348,2007
3613,1994
15028,2005
18632,2005
19390,1995
15450,2006
3000,1972
3447,2001
9220,2004
80,1986
19916,2004
12640,2003
13591,2003
16915,2005
7114,2004
11429,1990
16165,2004
1031,2005
12634,2003
6803,1984
6046,1990
14949,1996
15059,1988
11013,1992
16007,2004
16687,1999
18575,2003
1120,1998
2926,1987
3318,2003
5869,2007
8918,1996
15601,1989
2435,2003
3383,1995
12684,1997
10203,1999
13970,1998
19605,2005
11712,2004
5334,1990
7229,2004
527,2002
4188,1984
13241,1999
14273,1994
17165,2004
18613,1999
18563,2004
10524,2006
3617,2002
7743,2001
8401,1995
6572,1990
17402,2005
12472,1985
6823,1993
16535,1995
12065,2005
8948,2005
4379,1995
2056,2005
1223,2003
419,2000
19984,1994
16502,2001
18207,1996
19932,1998
9873,1984
19604,2004
7647,1990
18971,2002
8663,1998
8895,2004
365,2004
17214,1992
6101,2001
16821,1996
18719,2006
14671,2002
13455,1986
6170,2003
16858,1991
15259,2002
11572,2003
10734,2000
14466,1998
14304,1994
19282,2005
6135,1999
19765,1997
15746,2007
9017,1999
7960,2006
19099,2004
7380,2011
18412,1998
14402,1990
13027,1983
16430,1997
6304,1998
16644,2000
14489,2002
15820,1995
17797,2004
367,2004
329,1998
8514,2005
8648,2001
17575,1987
694,2004
19479,2004
17712,2004
506,2004
10292,1993
6851,1995
7827,2003
11664,2005
17614,2004
14351,1989
1555,2003
8728,1992
10946,2004
7541,2002
18747,1983
19680,2004
17024,1995
13420,1996
19859,1985
5011,2002
19520,1998
12454,2002
18453,2001
9960,1994
18407,1984
6267,2004
14319,2006
2644,2005
13348,1978
11627,2002
5997,1999
4737,2006
2915,2003
3825,2001
16233,1999
801,2002
12368,2002
1914,2002
4182,2004
9542,2001
12681,1987
9741,2006
5262,2001
1172,2006
18588,1996
8682,2006
12315,2000
8818,2004
19108,2002
507,2002
7686,2004
3035,2008
9465,2006
18093,1989
830,2000
19621,2003
3891,2003
7773,2002
5274,1999
381,2004
9076,2001
17758,2002
5663,1991
19709,2002
13475,1995
9860,1990
18837,2001
19820,1994
1080,1988
15412,1998
8175,2003
7151,2005
2364,2001
15639,2001
1592,2003
12952,2002
9795,2005
18286,2003
472,2001
11485,2002
13733,2005
12654,1990
19168,1997
14127,1990
4901,2005
16494,1989
10875,2005
9561,2003
8723,2002
12690,1991
1534,2002
12464,2000
7181,2001
11227,2000
14085,1998
18111,1994
7063,1984
13155,2002
3454,2005
11047,2001
18112,2006
7967,1994
1376,2005
15662,2004
15527,2003
3279,2002
8556,2006
16908,2004
2050,2004
13179,1981
7614,2002
16008,1988
9125,2002
12637,2001
13285,2001
19351,2006
4086,1996
2969,2003
15988,2003
3855,2002
11199,2006
5712,2006
3915,1992
18174,1992
13407,2002
13430,1992
14182,2002
1713,2004
2972,2002
7565,2003
49,1978
8719,1992
16120,1992
17780,2007
8932,2004
7192,1995
7168,2004
741,2005
4899,2005
6951,1991
1792,1989
940,1991
14781,2005
4923,1984
17433,1992
1597,2005
18326,1997
8249,1988
5089,2000
15265,2001
18850,1998
15644,2001
6707,2005
3808,2003
16855,2002
4104,1999
1261,1990
9802,1999
10700,1989
16269,2004
96,1991
8219,1987
3127,1994
18448,2000
7158,1996
15733,2005
9119,1998
2620,2000
3881,1995
17142,1989
11766,2006
19825,1990
16841,2004
631,2005
991,1994
18239,2004
6093,2002
3080,2004
12596,1999
3120,2004
12258,2003
9002,2007
3424,2001
8310,1997
4135,2001
19525,2006
8897,2006
5431,1999
18359,2007
18630,1995
11122,1991
12882,2005
3559,2002
19066,2004
10100,2004
2642,2003
11563,1999
3492,2007
18009,1998
17457,1997
6181,1977
14799,2000
35,1997
12210,2006
14576,2002
4522,2002
7199,2003
9494,1981
8833,2005
18149,2004
15440,1974
17125,2003
14377,1996
6628,1989
15080,1993
11860,2005
10457,2007
19509,1995
13117,2001
14032,2004
13007,1998
11131,2000
6740,2002
14117,2005
4723,1994
12724,2000
12414,2001
16374,2003
2128,2002
14631,2005
18095,1992
8575,2000
14935,2003
7264,1998
1674,1977
17667,2005
8681,1998
2672,2005
16280,2006
356,1989
15146,2004
6514,2005
19367,2006
9425,2005
10136,2001
12394,2007
16177,2005
8411,2002
1490,2004
13933,2003
14055,2001
12727,2003
7297,2004
18105,1987
11806,2002
14976,1999
6575,2002
12201,2003
8407,1999
269,2005
8017,1998
4838,2002
3086,1994
1923,2001
14776,2005
9332,2002
16054,2004
880,1987
175,2005
15291,2001
12507,1991
5804,1999
1797,1996
9012,2001
16196,2004
2596,1997
1269,1997
11547,1999
13978,2004
18835,2007
9404,1980
10637,1997
19137,1998
13026,1991
4927,1995
6686,2001
19857,2005
9158,1985
7586,2001
2937,1996
12377,1999
17719,2007
14024,1991
14200,2000
16518,2001
16002,2007
10557,2002
19404,1997
3729,2004
4035,2006
13968,2002
6095,1989
4271,2006
8700,2006
4375,2002
7398,1980
10565,1987
3458,2004
12821,2006
5417,1991
3565,1992
9290,2000
17384,1988
13581,1990
11653,2004
15131,2002
13042,2001
4165,1987
3569,2005
11126,1993
2940,2002
18889,2007
12263,2003
14709,2005
3106,1995
1633,2004
19263,2004
17027,2002
15081,2000
7984,2004
13232,1986
6567,2006
766,2006
18281,1995
18967,1983
15148,2000
19627,1997
9071,1997
16931,2000
4844,2004
14433,1984
13596,2007
6854,1991
14846,1995
8733,2000
14778,2001
12010,2001
14479,1987
9312,2000
14481,2004
1155,2004
1970,2005
14322,2003
3077,1991
4683,1982
15216,1983
2217,1999
9166,1995
8151,1991
7149,1988
9735,1991
5816,2004
10046,2003
6448,2005
15546,1998
1903,2003
11850,1987
13906,1994
17055,2005
8650,2005
9270,1990
12546,1999
13045,1985
3910,2001
10127,1994
14974,1987
17243,2003
12693,1999
15454,2003
2563,2002
12820,2003
3159,2004
19631,1977
3356,2005
226,2002
1100,1999
9975,2004
8812,2002
19172,1997
3353,2003
1215,1989
2577,2002
10519,2003
10903,1990
17969,2000
10437,1996
16852,1989
3970,1995
10871,2004
1897,1989
10159,2000
2347,2002
9294,2000
7358,1994
16565,2001
6866,1999
9350,1988
10295,1995
17595,2002
10767,1997
12894,1981
6839,2004
4645,2004
5173,1989
10900,2002
10526,1999
15425,2001
534,2001
376,1993
18198,1989
9788,2004
595,2005
8410,1999
14495,2002
2417,2003
7442,2003
12011,1997
2719,1998
4400,2003
7767,2005
18430,1978
19681,2003
1432,1991
16462,2000
18708,2005
9087,1998
10453,2000
10395,1989
10277,1998
3787,1997
14092,2003
18150,1999
13293,1992
15368,2006
8928,2004
1446,1999
9940,1999
12069,1999
13959,1987
10563,1990
1094,1988
11581,2004
3268,2002
16041,1993
6690,2006
1083,1996
2663,2001
4319,2007
6600,2002
5377,1994
9009,1997
16981,1988
14995,2003
13761,2001
9964,1989
1870,2003
11579,2002
17499,1993
1021,1991
4220,1991
6974,1997
9150,2008
9801,2000
4787,2003
9596,1988
11107,1998
8500,2002
8453,2006
131,2000
15242,2004
13850,2004
7661,2005
18229,1988
15636,1996
12996,1986
19957,1981
12159,1992
18860,2004
6577,2002
3261,2004
2168,2000
11951,1998
17395,2000
1556,1984
8396,2003
17839,1992
13994,2000
6832,2000
545,1993
10878,1994
12730,2006
17584,1991
5065,2004
10124,2002
11995,2002
8903,2003
7517,2003
2814,2006
18481,1992
7017,2003
2656,2003
4809,2002
13651,2000
1359,2002
13470,1991
5033,2005
19652,1984
9675,2006
14741,2007
18012,2001
11091,2003
14575,2003
12650,2006
10774,1999
11071,1994
5696,2004
16042,2002
17698,2004
6479,1996
461,1998
12787,2005
1551,1995
2909,2003
7105,2000
10282,1987
1459,1989
7005,1993
1204,1994
5513,2004
18520,2002
6898,2004
2958,1991
10266,2003
10580,1985
18277,2005
11330,1978
7998,2006
17680,2006
18866,1995
6051,1984
5400,2003
16906,2006
15076,1998
9969,1987
2976,2004
17732,2005
8765,1978
6460,1986
18151,2005
19239,2003
8609,2002
9784,2002
15457,1989
879,2003
3792,1995
19594,2000
17040,2000
18036,1990
14930,1990
15993,1984
5702,1982
1638,1981
19019,2002
5331,1998
2137,2006
7066,1981
19425,2001
17641,2002
18966,2003
5335,1998
15836,2005
14172,2003
17566,2002
2957,1996
5940,1995
2126,2000
16079,2001
3700,1996
16928,1992
6465,2004
5297,2004
19521,2006
9229,2004
17065,1995
3883,2000
11533,2004
4472,1987
8140,1990
15231,2005
17124,2002
2636,2000
17936,2007
3925,1989
11631,1999
10115,2001
5015,2004
795,2002
970,1991
12643,2004
2935,2005
165,1992
6392,2004
16659,2004
18625,1993
8207,2006
17337,2002
3933,1998
18427,1990
10034,1983
11052,2004
18259,2000
3794,1996
13913,2001
11580,1987
195,1990
10041,2004
9659,1997
5639,2000
92,1989
9781,1986
6957,2002
8872,1990
9813,1996
5753,2002
1591,1990
6004,2004
19962,1999
10621,1983
11887,2001
12598,2005
11521,1986
7666,2004
8127,2000
17066,2003
14694,1984
14146,2005
16748,2003
245,2004
2315,2001
11616,2007
307,2008
19540,1990
7551,2003
14931,2005
13537,2005
3437,1994
10671,2002
15147,1992
5040,1986
6491,1994
7079,1999
13827,1988
6537,1989
4616,2002
4350,2005
1748,2002
11609,1999
8573,2003
16856,1994
6744,2003
4080,2004
19992,1989
4192,2006
7911,2002
19725,1992
10686,1998
10077,1987
11994,2005
12458,1999
1656,2000
2667,2001
11048,2005
16837,2004
6613,2004
4549,2006
15925,2005
551,2003
10083,1993
8229,2003
5275,2002
1983,1992
9198,2006
6907,1988
6971,2001
13090,2003
11812,2003
18873,2005
13190,2004
9909,1999
13205,2005
1706,2004
12746,1983
13755,2000
6779,2000
5216,2003
19805,2001
19460,2005
8919,2000
9665,2002
3889,2001
3295,2000
14230,2001
15757,2007
15723,2006
12088,1986
18664,2005
19109,2000
5237,1995
617,2003
2888,2001
19884,2003
5055,2005
15491,2005
13009,1991
12624,1985
19833,2004
15691,2005
9881,2004
1489,2003
18008,1986
1293,2003
19219,1998
2325,1998
7276,1994
7670,2003
13178,1981
7120,2002
16607,2003
5069,2003
12852,1996
12212,2004
730,2002
17997,1993
1347,1992
622,1983
17990,1986
16261,1995
18381,1993
9538,2004
15032,2000
1685,2006
18549,2000
5754,2005
1375,1998
11283,1998
10642,1987
18367,1989
15347,1989
15205,1997
2372,2004
4137,1991
7582,2006
1840,2001
17291,2003
16127,2006
18509,2004
14473,2005
16051,2001
9480,2003
17975,2001
19222,2000
6275,2002
63,1997
6838,2003
6891,2001
3993,2002
9250,2004
12104,1985
9713,2004
819,1995
17657,1987
8572,1997
16104,1997
9488,2002
4038,2004
10493,1988
6380,1999
10340,1991
10682,2002
14519,1984
7061,2000
15588,1999
17889,1999
2960,1989
18626,2005
703,2002
9458,2002
7190,2006
6293,2006
8955,2005
15932,2004
16860,1997
6178,2004
18762,1999
2608,1991
12708,1990
14410,2006
18113,1980
7943,1998
17262,1985
3098,1998
9786,1994
8258,1999
7235,1992
8476,2003
3311,1997
8373,1998
16897,2004
7301,2003
12649,1992
19409,2001
8892,2000
13257,1989
8451,2001
18255,2001
15683,2005
7336,2006
9830,1997
2275,2008
13965,2001
7729,2004
16540,1991
10953,2005
13086,1999
3676,2000
16091,1988
378,2002
10908,2007
14245,2004
7177,1986
12953,1998
4578,1997
11086,2003
8153,2003
17445,1996
12396,1995
16524,2000
14584,1984
13557,1983
4463,2001
5659,1997
4850,1996
6647,1996
17572,2000
693,2000
7488,1986
3663,2005
11949,1984
15807,1995
17720,1994
13038,2005
16598,2002
15931,2004
9898,2003
16862,2002
3586,1994
17159,2001
3478,1982
6030,2000
2425,1998
3602,1981
11348,2003
12707,1999
1002,2001
13229,1988
1276,2001
7255,1996
11930,2004
3293,2004
13488,2004
19565,2001
18238,2004
2010,2005
8717,2004
8621,1999
951,2001
11751,2005
18334,1984
13528,1993
1561,2003
14725,2004
18170,2000
12109,2003
11488,2001
18667,2003
5926,1993
14497,2004
7351,2002
7896,2002
11060,1991
12122,2000
5158,1985
2162,1994
16336,2000
9880,2005
11145,2004
16219,1989
3472,2003
6737,2001
6700,1997
6482,1992
16914,1994
1884,2001
15759,2006
15117,1984
14292,1986
18182,2003
11528,1994
9341,1985
6244,2005
19130,2005
19482,1989
10176,1993
9246,1993
1118,2004
5209,1998
17321,1999
13553,1997
8800,2004
2996,2003
10714,1994
3067,2005
13251,1992
3056,1993
17305,2002
14046,2005
14639,1981
19370,1998
17511,2000
5697,1988
11376,2003
6711,2002
9642,1986
15889,1998
16071,2000
11643,2005
336,2002
13973,1993
8168,1994
13632,1999
3518,2003
16,1997
9584,1992
12594,2004
13426,1998
15003,1989
11492,1997
4864,1999
18616,1997
2761,1998
1228,1993
15997,1993
9727,2005
16788,2003
3735,2006
523,1999
8929,2005
8088,1992
6064,1990
4044,2002
13164,2001
2086,1999
13625,2006
1262,1980
7981,2001
18793,2004
6500,1991
9191,1991
851,1999
14754,1994
11452,1988
8481,1986
6208,2000
18672,2002
5797,2004
8855,2006
11774,2000
14356,2002
9767,1997
19210,1987
19441,2003
5005,1998
5019,2004
15487,2002
5390,1995
11690,2005
10529,1998
16725,2004
5888,1989
5598,1998
5939,2005
16938,1994
11442,1992
12028,1999
19097,2003
14031,2000
7978,2000
17597,1985
15935,1996
13295,2000
19344,1989
17460,2003
18604,2003
11305,1995
7012,2001
16846,1995
17118,1999
15092,2004
3160,2005
1539,2001
18245,2005
15315,2003
19423,1985
15095,2005
14314,1990
17919,2001
17338,1990
4013,1987
5586,2001
16266,2001
7077,2002
12930,2000
6801,2003
19432,2001
19492,2004
19079,2002
17929,2006
15857,1992
1949,2001
2201,2003
12747,2003
2906,2003
1799,2003
459,1990
15465,1999
6958,1993
19080,2002
18405,2003
7313,2005
9152,2004
4961,1998
9792,2004
18537,1990
7117,1993
8617,1988
7860,2003
4315,2007
1519,2001
6780,1999
12651,2002
6387,2007
19426,1986
8250,1981
12699,2006
18101,2005
9682,2002
18955,2001
13004,2000
7069,2004
2426,2002
15924,2002
1734,1994
1585,1997
19776,1979
16696,2006
19140,2000
5392,2000
1408,2005
2805,1999
7087,2001
4469,2006
16212,2003
721,2002
7903,2007
11936,1988
12089,2007
2449,2005
18993,1997
13393,2001
6049,2003
19669,1994
984,2003
12345,2005
120,1999
14972,2004
19177,2002
1117,1986
17785,1999
8383,2004
11742,2002
4920,1992
2291,2003
7910,2003
16988,2001
13436,2003
9378,2002
8430,1998
7623,1995
7954,2001
18547,1994
12224,1988
6078,1990
14875,2002
1240,2002
18771,2005
3911,1995
12378,2000
15172,1994
13005,1998
6010,1993
12698,1996
8612,2001
16457,2004
17615,2001
6368,1989
2432,2002
1358,1991
17187,2003
4555,1981
18645,1995
13438,2006
14038,2006
9772,1993
1708,2004
15439,2005
19983,1996
14065,2001
13514,1997
12776,1989
6084,1993
705,2008
7598,2001
4164,2003
13809,1992
15519,1999
11610,1996
797,1984
17486,1996
14191,2005
6406,2005
10516,1991
1780,1988
12209,1999
1893,2000
15771,2000
15525,2001
7762,2003
8495,1998
16053,1992
5231,2004
7280,1988
14596,1999
4404,1986
4270,1997
12550,2005
18300,1986
6415,2000
2214,1998
10153,2004
4050,2001
6109,1996
3710,2001
14462,2002
2914,1993
9228,1997
10893,2004
8956,2003
3556,1999
889,1989
4652,1995
16372,2003
2995,2005
3184,2004
9747,2001
3339,2002
12303,2003
17692,2001
12198,1981
15955,1991
6058,2003
13036,2003
5214,1981
6833,1993
18941,2004
8958,2002
13699,1983
1420,1999
16814,2002
7747,1997
17500,2002
1112,1993
16073,1997
13256,2000
9780,2000
14471,1988
6580,1989
9518,1991
16035,2003
12669,1986
12630,1981
12186,2006
17933,2003
3621,2005
6816,2000
14262,1991
18614,1998
12872,2003
16088,2004
13184,2002
14668,2002
1086,1998
16059,1995
4300,1992
10848,1999
7493,2003
12704,2003
19214,2001
11611,2004
1542,2005
8184,1996
17655,2005
15622,1999
12595,2000
8405,2005
9287,1981
7162,2003
14717,1992
19119,2003
2822,2005
19230,1990
14665,2001
17806,2001
18585,2007
3633,1992
14097,1998
6621,2005
5113,2003
5290,1999
11619,2002
6799,2004
6360,1988
3382,1999
11256,2005
3329,2004
2273,1999
3909,1992
15309,2003
8089,2000
17284,1995
289,2005
12183,2003
3801,1998
6169,2004
18544,1998
18852,1997
13771,2001
5720,2005
9444,1989
2607,2004
12520,1989
5799,2001
8777,2004
5315,1987
590,2003
13021,2001
16443,2000
10236,2000
7285,2003
11309,2000
4877,2006
2697,2001
6999,2005
19191,2003
19550,1993
8054,1991
12005,2004
17585,1998
18436,2006
7794,1986
17237,1994
4650,2007
84,1996
6513,2001
16552,2000
2348,2000
3296,1993
8942,1998
17987,1997
12964,2005
19635,1999
14288,2004
13168,2004
8372,2004
10030,2005
13012,2006
7678,2004
17300,1979
403,2001
4804,2002
19906,2008
12899,1998
10954,1997
9516,2003
8319,2000
658,1993
13672,1986
1105,2004
1738,2004
458,2007
17179,2001
18666,1993
4835,2003
7596,1995
9163,2003
9169,1996
19290,2002
5672,2003
5383,1997
4505,2000
9541,2002
10455,2007
3394,2001
8109,1990
18635,2003
9407,1978
7110,2006
16890,1998
544,2005
13582,1992
4717,1989
11005,2003
9968,2005
13468,2005
2256,2005
6069,1983
13338,2005
16920,1992
4063,2004
6809,1998
19415,2002
14137,2003
17455,1987
630,2002
11078,2005
11699,1984
4769,1983
1260,2002
3421,1994
3243,1999
8874,2005
11150,1997
11973,2000
13609,2000
14062,2005
14918,1986
14650,2005
9217,2003
4945,2000
8701,2004
17466,2009
4885,2005
6881,1998
7757,2005
9033,2003
17042,1997
5265,2003
14987,1995
14470,1998
6411,1996
16994,1994
10838,2002
14866,1995
18612,1999
4862,1979
16075,1987
8231,2003
19088,1998
5694,2000
1134,2001
10661,1981
13685,2004
4340,1993
12061,2002
4386,2004
9209,1999
8817,2003
1552,1995
557,1996
10816,1989
14970,2005
4971,2003
8222,2006
13527,1988
14704,1991
4793,2003
15140,1996
18474,1987
4248,1988
6177,1995
16311,2002
19601,1994
6144,2002
18515,2004
11782,2003
13940,2002
11813,2004
16721,2004
18989,1996
7387,2001
6810,2002
7818,2001
15467,2002
6384,1998
18267,1990
8786,1993
4521,2005
3310,2004
7094,2007
15175,1981
16935,2003
15875,2006
6722,1991
10477,1979
10365,2006
1091,1986
5250,2000
4950,1984
8072,1992
15370,2007
5527,2005
7980,1985
5950,1996
9641,2000
13261,2001
14797,2003
16244,2001
10531,2000
17210,2001
18746,1993
6243,2001
16871,2001
11847,2002
19546,2003
10163,1990
3541,2003
2313,1993
3051,2004
1697,2004
9236,2003
3182,2004
14832,2000
16963,1997
9692,2001
197,2006
261,1995
9859,2005
8301,2003
16169,1997
17901,2003
18637,2006
15979,1994
3546,1998
14045,1992
673,1995
6732,2006
13326,2000
9189,2001
9398,1995
13244,1998
7333,2002
11053,1985
2802,2005
12279,2001
1611,2006
17173,2004
14583,2005
10023,1992
11054,2002
5983,1992
15620,1994
18756,2004
15813,2005
19839,1997
14207,1993
17702,1986
15274,1997
836,2006
6390,1983
4963,1999
4733,2000
18332,2006
17381,2006
2729,2005
1109,1992
791,2003
17682,2007
6086,2004
342,2003
3564,2007
2801,1991
15419,2004
944,2003
13303,2006
10160,1998
8314,1994
14607,2004
6456,2005
6438,1992
19759,1997
2701,2007
225,2000
6872,2004
5679,2006
5944,1993
4797,1983
10874,2004
6155,1999
17713,2003
914,1994
2859,2005
1132,2003
14229,1987
8536,2000
6066,2004
15066,2002
5283,1987
12603,2003
4687,1999
11637,2005
12641,1997
10168,1988
17893,2007
8144,2005
8486,2000
3212,2000
10331,2003
19068,1998
10089,2000
3271,1995
9349,1999
2198,2005
17136,1983
18995,2003
18094,1998
16163,2006
4187,2006
10783,1992
17253,2003
8388,2006
1254,2001
1294,2003
10768,1997
6878,1992
5300,2008
10068,2006
211,2004
5485,2005
14382,2003
18631,2002
13225,1998
6157,2003
15701,1996
7396,1989
5038,1982
19101,1981
10195,2005
18227,1994
13033,2006
14601,2000
1450,1999
2083,2004
15230,1998
12752,2002
17988,2006
16086,2004
14436,2005
18353,2003
12652,1999
977,1997
15511,2004
16322,2005
1279,2004
7419,2004
5518,1998
8340,1997
4373,1982
18393,2003
6853,1996
2024,1996
13546,2004
7337,1997
1140,1997
9299,2003
10283,1988
13840,1986
3302,1992
7347,1993
18750,2000
17423,2004
19553,2004
651,1979
8480,1996
16094,1988
19244,1994
15427,1988
10820,1992
17879,2005
14287,2006
14521,2003
12703,1984
2125,2004
10426,1984
7839,2002
1668,2003
17870,1990
6619,1992
7155,2004
5775,2004
1874,2002
11197,2005
19695,1999
12256,2003
9673,2004
4572,1997
17976,2005
19105,1986
8412,1999
17978,2000
6548,1987
15864,2006
7201,2001
16230,2004
4263,2005
1319,2006
18065,2005
292,2005
19175,1989
1834,1985
580,2001
14208,2006
2017,2002
13935,2002
16394,1998
11147,2003
2769,2002
14335,1992
15663,2000
11100,2005
16650,2000
3428,2003
17559,2000
2703,2005
7236,1997
12269,1990
15915,2004
5413,1997
857,1993
10832,1986
10525,2002
13083,2002
1456,1998
16939,2000
18404,2004
19364,2005
7137,1996
1414,2006
6594,2003
13217,2005
7999,2002
298,1993
16061,2004
7572,2007
10293,1984
2471,2003
8868,1993
19112,1996
16772,1988
8326,2005
10233,2004
29,2002
16243,2001
7709,2002
19797,2001
8825,2005
5868,2000
8182,1974
19264,2005
15682,2005
8075,1977
13443,1996
15718,1985
11104,1999
12301,1993
7617,2005
3520,1998
2386,1982
2922,1988
10414,2002
19679,2002
18437,2003
6868,1997
13353,2002
12320,1999
11840,1990
7290,2001
7265,2005
17372,2000
11811,1993
3013,1978
10633,2000
9519,1998
5046,2005
3100,1992
11676,1998
13299,1993
11232,2005
15077,2004
6056,1984
12390,2004
4981,1986
16728,2005
5896,2005
1445,2005
18591,2005
3469,2003
4019,1990
5148,2003
4703,2006
12124,2000
12685,2000
6187,2001
2611,2002
9986,2004
4171,1993
16222,1994
10659,2003
16670,1993
12644,2002
18426,2004
11194,2000
8853,2001
5962,2000
15490,1999
6435,1986
3398,2004
14965,2002
14040,1995
12216,1990
3869,1994
14633,2000
4344,1998
15308,1999
4324,2004
7127,2002
4827,2005
17914,2004
19021,2003
12722,1995
7601,2007
2176,1985
12895,1975
10044,2003
6666,2003
11793,2002
1463,1999
8333,2001
12047,2003
18773,1996
9856,2004
10086,2002
1166,1995
12617,2004
3414,1992
9897,2002
18826,2005
6735,2006
19572,1994
3001,2000
3276,2005
19054,2000
359,2003
6349,2000
9843,2002
13400,2005
4131,1989
19641,1995
559,1988
4103,2004
8725,2006
6813,1997
1859,1998
6179,2003
16335,2002
12456,2004
4372,1997
15075,1990
4082,2006
17180,2003
17133,2004
15529,2005
18670,2001
155,1982
19629,2004
5877,1995
19139,1979
13040,1978
5959,2001
14572,1991
4595,2000
2817,2004
732,1994
154,2003
6651,2003
14397,1990
15040,2003
8864,2005
7869,1995
11625,2005
10070,2002
12324,1990
4150,2003
18920,2005
4023,1998
14744,2001
1315,1990
9256,2004
901,2001
5471,1991
12337,2007
16099,1998
4133,1987
5078,2000
5458,2001
8601,1995
14644,1987
12463,1981
16993,2001
3154,2004
16975,1995
14271,2002
18516,2003
11961,1994
11395,2007
17072,1991
4457,2001
14724,2001
15258,1983
12533,1990
4967,2000
7780,2003
16146,2000
10197,1983
4635,1974
2904,1988
1498,2005
17411,2003
9920,2003
18307,2002
6672,2000
9865,2002
3404,2000
19889,1984
1584,2006
17852,1997
18215,2006
11516,2002
281,2002
4034,2007
9026,2004
10517,1982
13023,2002
8840,1996
14264,1998
18649,1997
11719,2003
11771,2005
3495,2006
2825,1996
7524,1996
10850,2003
14703,1990
14016,1997
11682,1989
19790,1999
19770,2003
16889,2002
5428,2005
5268,1986
11659,2005
4046,1997
17522,2003
7086,2003
6886,1991
13433,2001
5640,2004
5330,1991
18877,1998
6950,1999
9185,2003
10026,2004
9749,2005
15228,2006
2378,1982
14772,2003
5261,2002
11381,2003
446,2001
44,2002
13447,1990
5424,2004
12676,2001
4817,1991
16508,1994
12042,2004
15245,2002
17772,2002
2068,1982
9441,2000
10773,2005
12751,2005
8616,1998
13070,2002
3225,1995
18458,2002
578,1990
12493,1999
489,1997
11544,1987
3941,2006
7663,2001
4497,1996
469,2002
17557,1981
193,2007
2093,2002
10141,2005
1409,1989
12536,1998
16599,2005
16973,1975
10581,1996
12006,1991
8875,2002
3779,1982
7178,1996
4473,2004
7326,1996
6770,2004
5501,1988
18484,1996
4892,2004
16247,2006
14692,1982
10082,2004
3907,1998
8435,2002
7588,2006
17038,1999
14551,2004
14577,1987
2495,1989
17656,2006
3224,2004
15628,1984
5655,1988
4353,2001
13079,2004
4647,2005
17962,1992
16499,2000
12682,1989
10459,1996
16314,1983
3440,2004
3590,2003
3814,1990
5220,2004
17083,2001
13084,2001
1351,1999
13691,1983
8676,2003
5616,2001
18627,1994
2950,1997
2230,2004
16484,2007
5007,2001
12616,2003
19089,2003
16286,1994
4762,2005
4921,1999
7329,2006
14361,1988
19909,1990
14746,1999
12540,2000
12941,2002
8268,1998
4123,2004
16057,2004
1078,2005
10675,1993
18357,1999
3796,2003
6468,2003
16921,1996
94,2002
12599,2005
4127,2004
11399,2004
916,2006
17324,1986
2716,2001
2970,2005
14655,2005
16888,1990
6477,1999
5346,1976
2344,2002
6361,2001
12237,2006
17184,1995
5425,1997
18143,1998
14539,2003
15772,1998
7124,2004
2928,2005
649,2003
14652,1996
4510,2003
15134,1997
12445,2004
32,1996
19863,2004
3865,2004
17654,1996
18243,1989
13028,2002
14638,1987
12903,2005
19065,1988
14720,1991
11225,2002
6089,2004
6657,2002
2593,1994
5934,2004
5438,1983
15423,1989
6655,1986
5734,2005
8746,2004
17963,2003
15586,2006
4057,1990
1579,1994
18800,1994
15596,2003
1946,2002
13406,2004
7031,2000
15039,2004
18915,1992
5240,1986
15872,2003
2389,2001
5854,1997
7437,2003
14317,1993
15512,2005
3253,2001
3015,2004
14957,2006
3307,1966
18990,1997
15713,1996
15841,2000
17982,2007
3109,2000
6077,2001
3887,1984
1740,1986
5319,1999
17248,1977
15383,1990
4729,2005
7717,2005
6499,1984
14068,2004
4956,1990
11622,1980
4812,2005
19026,2005
12123,2004
16132,2004
11382,2005
11761,1994
19883,2006
5984,2003
561,1980
4125,1997
4042,2005
10835,1989
1857,2004
7593,2006
15235,1997
15035,2001
16724,2003
17175,1992
4258,2001
17825,1989
13654,1985
17812,2006
6608,1992
18188,1981
12739,2002
17741,1999
19678,2000
7154,2004
11932,1987
12270,1997
3287,2004
12862,2002
2278,1983
5792,1989
2552,1997
10961,2004
16517,2006
16984,2000
11846,1986
1503,1992
9885,1992
15541,2000
18953,2001
12876,1992
10991,2001
16840,2006
10076,1999
18026,1990
12103,2004
12134,2001
5154,1992
9131,2004
200,1993
67,2000
14498,2004
11567,2005
10666,2001
17674,1984
13944,1991
11187,1976
2261,2006
16990,1999
11592,2005
11940,2001
4823,2004
7034,1990
14020,1992
9922,2005
8357,2007
18030,2004
19716,2004
4710,2004
1191,2004
4232,2000
14936,1994
8662,2003
11120,1984
15862,1985
1922,1994
19769,1993
4004,2005
14578,1989
12790,2006
19488,2005
3468,1981
19726,1994
17199,2000
4947,1979
2709,2003
2678,1995
5878,2003
12349,2005
10582,2005
2574,2004
17163,1999
19300,2001
15606,2002
19349,1990
2942,1991
18492,1996
8356,2004
1377,2000
13457,1999
17673,2000
5260,1996
16055,2003
7222,2005
5244,1998
19650,2000
2140,1999
870,2003
1045,1994
6434,2000
19974,2003
15953,1990
8295,2004
965,2006
4796,2002
3697,1993
5853,1995
17931,1999
16532,1989
19683,1991
4631,1994
11481,2000
17533,2004
13750,2004
16576,2000
14863,2003
4551,2000
1205,1997
7472,1989
1600,1975
8707,1996
4646,1998
7632,2003
14757,2002
13618,1989
15870,1995
10655,2000
12608,1992
17397,2005
4194,2004
4538,2002
6709,2001
11294,2000
4818,1997
18201,1999
2182,1992
12031,2002
17437,2007
3188,2007
15,1982
14472,2001
8576,2005
11280,1997
18523,1994
1497,1990
12266,2004
9603,1989
18849,2004
5083,2003
19538,2002
5991,2003
6264,2003
2641,1998
10347,2006
9644,1998
8313,2005
10622,1998
12551,1989
16125,2004
444,1996
265,2001
4583,2003
13646,2001
19305,1987
19822,2001
2742,2002
5883,1990
19671,1995
19013,2002
1753,2000
3675,2001
12817,2000
731,1989
5348,1991
7725,2004
19736,2006
18440,2005
8526,2001
1777,1990
15961,1991
13043,2004
18841,2003
11759,2003
2105,2002
5183,2003
11475,1999
12281,1996
10314,2001
1750,2001
8884,1979
11089,1994
13610,2002
15963,1991
13941,2004
535,1999
1336,1981
12499,2000
9164,2000
12750,1989
5695,1997
4798,2003
12094,1989
6811,2001
19267,2006
410,2003
4387,2008
3982,2004
10456,2002
9092,2005
11221,2002
12357,2003
16849,1996
1061,1991
12020,2001
10641,1993
8600,2003
4742,2003
865,2005
2224,2000
13006,2003
19708,2002
7316,1998
5669,1999
13128,1982
7330,2004
8731,1980
5688,2003
18690,1993
15679,1997
15705,1993
18284,2005
2172,2003
14236,1993
10090,1982
16864,2003
4562,1994
3971,2001
12905,2003
13269,2001
11968,2004
11666,1996
18726,2006
9670,1996
19782,2004
15994,2004
4290,2004
5420,1990
16913,2004
19171,1980
7562,1982
14841,2004
6808,1996
2262,2005
4158,2003
1735,2004
18543,2003
13588,1999
18647,2006
3101,1986
11691,2001
1248,2001
6762,2002
12260,1987
2762,2005
11939,1994
1416,2004
17094,2003
16176,2005
407,2004
1769,2002
1639,2003
14980,2005
363,2000
19287,1993
11360,2005
19534,2005
11062,1997
3960,1998
8516,2002
639,2005
1175,2001
1393,2004
17110,2002
17271,2006
5108,1991
1310,2001
17249,1996
15143,1997
15919,2005
10220,2003
3770,2001
16174,1995
2122,1999
6498,2005
11929,1987
1169,2000
12866,2007
1011,1993
18301,2003
12422,1998
17422,1992
1662,1997
2232,1988
10080,2005
18408,1992
18624,2004
9839,2004
14642,1991
12353,2004
4575,2004
4534,2000
18745,1993
5453,2006
7625,1995
18744,1998
10066,2005
10373,1982
2388,2000
5144,1978
10501,2005
14142,1994
6745,1995
10210,1985
9798,2000
14565,2002
19411,2002
7319,1997
5372,1996
16315,1994
12217,2005
4450,2005
11210,1999
12162,1994
156,1992
5886,2002
8160,2003
19955,1987
6202,2004
3034,2003
12597,2005
11088,2005
15675,2007
11923,2006
6459,1979
5675,2003
718,2003
18611,1986
3562,2002
2127,2001
5849,2004
8995,1995
12745,2003
7305,2002
2270,1995
847,2002
11230,2002
7512,2006
10438,2004
7059,2007
11499,1998
2461,2005
6164,2006
3584,2000
18450,2004
11247,2005
9073,2006
5961,2002
10972,2000
4214,2003
4860,1996
19662,2006
10007,1999
21,1974
136,1998
8081,2004
19206,2000
4434,2006
7961,2005
13149,2000
784,2003
15332,1983
12424,2002
15481,1999
2326,2004
5561,2003
2869,1991
6528,2002
17905,1986
1178,2003
5703,2001
10125,2001
8531,2006
16942,2002
153,1999
10280,1998
1119,2004
9861,1990
2714,1998
4532,1988
2865,2001
1936,2000
14147,1985
13696,2003
7083,2002
8371,2002
650,2006
15828,1983
17799,2007
1589,2000
18195,2006
5132,1992
6092,2003
4848,2006
15320,2002
5772,2005
13066,1995
108,1998
11799,1999
19048,1991
12440,2002
18640,1999
11542,2001
5122,1996
19600,2006
7156,2004
12865,2003
528,2005
9714,2001
14966,1983
5110,2005
14614,2005
4021,2003
18633,1997
13394,2008
10284,2004
13496,1982
19948,1988
17570,2002
2844,2007
2723,2001
2673,1995
7883,2004
573,1997
7133,2005
12606,2000
11578,2004
1338,1998
2868,2005
8727,2004
15788,2002
6527,2005
17014,2001
13337,2007
16847,2002
6559,2002
2303,1993
4481,2006
18146,2005
17840,1982
240,1999
15201,1989
4709,1984
16164,2002
19516,1999
12926,1998
6311,1991
3491,1986
11218,2006
13870,1997
15591,2005
15879,1998
11975,2000
1765,2000
15654,1985
19622,1990
15010,2004
13305,1995
11589,2000
8856,2001
3654,2001
6112,2002
925,1992
18894,1999
7925,1992
6508,2002
8522,2001
14373,1989
7822,1992
7111,1997
17813,1993
11310,1992
13914,2005
10006,2006
15726,1998
13411,1998
6146,1995
19835,2003
14617,2001
7752,1982
4101,1999
11324,1999
4093,1997
3340,2000
11987,2002
9186,1999
18998,2003
11525,2004
2373,1987
5704,2002
5859,1999
18933,1987
18720,1989
9371,2002
11289,2006
8567,1991
3751,1994
4895,1998
16279,2006
5270,2002
17935,1999
14722,1991
14476,1999
8274,2003
18387,2001
4048,1997
15945,2005
11069,1998
1520,2005
19213,2003
9771,2005
11498,1988
14897,1993
13343,1972
16809,2004
16555,2006
11212,2002
14159,1995
13808,1977
11725,2003
1553,2007
12177,2003
14263,1989
16863,1994
6807,1997
11915,1999
2614,1990
19990,1986
460,1994
5490,2002
2803,1993
2763,1994
18801,2005
9630,1984
18376,1988
15461,2002
2222,2000
11000,1997
8304,2005
14800,2004
6079,1985
16028,2006
1522,2003
15980,2004
7368,2006
3980,1987
14624,1993
10802,1990
4444,2001
15630,2000
5422,2002
4898,1994
19028,2007
7410,2003
810,1996
3959,2002
12686,2006
16638,2002
15060,1996
14567,1991
9959,2003
967,2001
798,1999
8048,1999
19083,2001
1195,2007
16376,1994
5705,2004
13677,1996
7244,2005
11299,1994
16887,2001
3155,2001
3187,1999
16531,2005
8721,2000
846,1994
12785,1999
6271,1998
3470,2002
10226,1999
5320,2001
15277,1995
8142,2003
18200,1986
1043,1999
16081,2004
10702,1998
2595,1991
4744,1982
19052,2006
13215,1978
11856,2007
13854,2005
1880,2003
8688,2003
4204,2004
2112,2005
2031,2003
18272,2008
14059,1975
9100,2002
6,1997
15910,2002
16795,1999
10143,1995
2090,2002
4203,2006
18156,1991
14395,1988
18499,1994
14446,2000
5743,1993
3745,2004
466,2001
3110,2003
8038,2002
15343,1998
16204,2003
11874,2004
6273,1998
13767,2002
6407,1993
8667,1998
4066,2005
12350,2006
18921,2004
14678,2002
17767,2006
8920,1981
3877,2005
16180,2005
12468,2000
5210,2004
18070,2003
4732,2003
13923,1999
3389,2001
18147,2003
15970,2005
19102,1994
1475,1975
8851,2006
13002,1997
181,1994
16272,2008
10982,2004
5215,1994
190,1997
457,2003
17152,2005
7489,1998
10494,2003
6019,2002
1222,1995
936,1996
5056,2002
18469,2002
10482,2002
2949,1999
10707,1977
19212,2005
7649,2001
1775,1999
1040,1988
3527,2006
14309,2004
11111,1976
12798,1995
12902,2000
18558,1999
11546,2005
938,2004
17993,1998
7690,2003
6357,2007
588,2006
13895,2002
13513,2003
19256,2000
15890,2004
15132,2001
6324,2005
4669,2005
5068,2004
13735,2006
12197,1999
3378,2006
8174,2004
11574,1993
16413,1999
3104,1990
994,2004
17376,1991
1201,2006
13547,1991
10577,1986
19986,2004
1832,2000
3989,2004
16225,2002
3512,1983
17695,1994
19699,2003
14991,1992
3095,2003
8826,1994
14352,2006
2943,1988
12625,2004
1543,2003
1188,2002
2910,2005
12142,1997
5252,2012
16827,1997
11495,1993
17365,2003
3342,2003
8097,2005
18473,2004
12743,2002
5245,1985
9460,1993
10303,2005
18253,1986
310,1983
8605,1983
1810,1987
15989,1995
4766,1988
6158,2004
6194,1989
1500,2000
1677,2006
16769,2000
2041,2007
12826,1991
5302,1989
5623,2004
5560,2004
17916,1989
12559,2002
15138,2001
6972,2004
6729,2004
13540,2002
3788,2005
6166,2001
5353,1986
18205,2002
3554,2004
16454,2004
2133,2002
19700,2004
2195,2000
18684,1996
12484,1997
13253,1995
18598,2001
15568,2005
2424,1997
662,1989
5099,2003
14443,2002
9035,1987
2252,2004
9753,1998
7850,1989
14496,2003
4052,1991
13195,2002
8408,2004
6519,2003
9304,1996
928,2005
1931,1999
5638,1999
9996,1997
13964,1999
12547,2002
3132,2004
16186,2004
5510,2000
15815,1985
6012,2006
9077,2002
13727,1999
11290,1991
18925,2003
1334,1988
10024,2003
18602,1999
15760,2003
4748,2000
7076,1993
15145,2003
7451,1998
8758,2004
9046,2003
1700,2007
1632,2004
8014,2008
6396,2000
7203,2005
13988,1992
9276,2004
19431,1998
5680,2000
1290,2001
13311,2004
17358,2004
19467,1996
17547,1997
15426,1993
4095,2004
3730,2004
7081,2001
9979,2002
10781,2003
9139,1999
10669,2003
73,2003
3258,2004
16904,1996
18767,2004
500,1989
18566,2004
9719,1994
9888,1983
2543,2005
5032,2004
50,2006
3158,2004
8210,2003
3047,1992
15638,2001
2691,1993
16582,1999
4437,2003
396,1988
14604,1991
12629,1983
17323,2001
8265,2001
13327,2005
8018,2000
14337,2004
5969,2003
8837,1998
11277,1989
19568,2007
17344,2002
14869,2006
14252,2004
3946,2002
9090,2004
9190,2000
4119,1997
4455,2006
14138,2005
206,1981
3843,1998
13894,1993
17583,1996
9824,2003
5502,2001
7274,2001
9043,1995
14060,2005
11740,2003
3749,1998
4727,2002
10910,2006
17032,2004
6000,1987
12959,1997
14129,2007
10538,1996
12526,1980
2683,1995
3409,1987
13102,1998
6789,2005
19528,1993
17058,1992
5661,1989
332,1990
19430,1998
16509,1996
4132,1988
14266,1992
15774,2005
19656,1996
9493,1996
9967,2005
17367,2005
6861,1990
13613,2001
2249,2003
6085,1999
16960,1990
8709,2003
15681,2002
13199,1995
9481,1999
7283,2003
9359,2004
6599,2002
5658,1975
14457,1993
14441,2004
52,1995
305,2006
13837,1985
11596,2005
12038,1989
5259,2004
18075,1983
5432,2004
11792,2003
2184,2003
3400,1999
10381,2005
12850,2004
19126,1988
12294,2007
644,1992
16306,2006
330,2006
10586,2006
10209,1993
5340,2002
4088,1992
7206,2002
19241,2002
11244,1984
12892,2003
2823,1999
7842,2002
10895,2004
12286,1998
1383,1983
11464,2004
6375,2003
2455,2003
10085,2006
17216,1994
18573,2002
5862,1999
12404,1982
16916,2006
1737,1986
16707,1992
15493,2004
19073,2004
17907,1994
11519,1996
6147,1991
9938,2000
16392,1998
7782,1988
11453,1997
8248,2003
3598,1994
18431,2004
758,1980
3326,1987
280,2003
16589,1992
16793,2001
4750,2004
10142,2002
69,2004
2715,2004
17285,2003
19279,2005
16445,2003
5624,2004
9491,2002
18855,2005
19982,1992
6346,2005
10807,1991
11909,1986
6223,2004
11704,2004
334,2004
2293,2004
18242,2003
11732,2004
19495,2005
16979,2005
1308,2004
11713,2001
3321,1998
6750,2003
11346,1994
15470,1981
4156,1987
4675,1991
5009,1981
668,2004
3423,2005
109,2003
3221,2003
10949,2003
972,1999
12492,2005
14033,2003
9847,2006
19938,2003
12111,1986
17999,1989
5929,2004
15293,2002
7469,1989
6586,1987
17875,1986
17290,1991
